{
  "dataset_rows_total": 3229,
  "dataset_rows_used": 3213,
  "train_rows": 2249,
  "test_rows": 964,
  "label_definition": "label=1 if within next 3 bars either (max_high - close_now) >= 15 OR (close_now - min_low) >= 15, else 0",
  "atr_period": 14,
  "threshold_move": 15.0,
  "roc_auc": 0.74719723183391,
  "metrics": [
    {
      "threshold": 0.5,
      "accuracy": 0.7116182572614108,
      "precision": 0.802130898021309,
      "recall": 0.7807407407407407,
      "confusion_matrix": [
        [
          159,
          130
        ],
        [
          148,
          527
        ]
      ],
      "positive_rate_pred": 0.6815352697095436,
      "positive_rate_true": 0.700207468879668
    },
    {
      "threshold": 0.6,
      "accuracy": 0.6607883817427386,
      "precision": 0.8640167364016736,
      "recall": 0.6118518518518519,
      "confusion_matrix": [
        [
          224,
          65
        ],
        [
          262,
          413
        ]
      ],
      "positive_rate_pred": 0.495850622406639,
      "positive_rate_true": 0.700207468879668
    },
    {
      "threshold": 0.7,
      "accuracy": 0.6120331950207469,
      "precision": 0.8829516539440203,
      "recall": 0.5140740740740741,
      "confusion_matrix": [
        [
          243,
          46
        ],
        [
          328,
          347
        ]
      ],
      "positive_rate_pred": 0.40767634854771784,
      "positive_rate_true": 0.700207468879668
    }
  ]
}